Score,Protein1,Protein2,LinkPos1,LinkPos2
428.64,P19727,P19727,269,24
415.73,P03725,P03725,304,427
411.39,P03725,P03725,561,455
362.01,P03725,P03801,304,52
340.45,P03728,P03728,14,21
338.89,P03725,P03801,304,11
337.22,P03724,P03801,59,11
331.34,P03726,P03726,1058,1044
321.94,P03725,P03725,192,338
315.66,P03726,P03726,504,1054
313.83,P03725,P03725,561,578
302.9,P19727,P19727,1,24
298.2,P03726,P03726,163,179
289.16,P19727,P19727,269,59
277.26,P03728,P03725,105,50
276.21,P03728,P03725,406,59
276.12,P19727,P19727,59,302
274.92,P03725,P03725,304,312
273.23,P03725,P03725,338,312
272.97,P03725,P03725,192,312
270.84,P03725,P03801,304,66
269.08,P03725,P03725,427,722
265.51,P19727,P19727,285,197
265.36,P03726,P03726,416,919
265.29,P03728,P03728,14,205
264.43,P03724,P03801,59,66
263.75,P03725,P03724,59,183
260.09,P03725,P03801,427,11
258.61,P03728,P03801,441,66
257.47,P03726,P03726,455,58
257.46,P03726,P03726,163,1
256.85,P03726,P03726,455,62
256.15,P03728,P03725,94,59
253.83,P03725,P03801,389,76
253.82,P03725,P03724,427,183
253.71,P03725,P03801,304,81
251.99,P03726,P03726,455,47
249.87,P03728,P19727,313,59
249.45,P19727,P19727,59,197
249.15,P03726,P03726,651,819
248.59,P03725,P03801,312,11
248.59,P03725,P03801,312,76
247.5,P19727,P19727,83,59
246.96,P03724,P03801,59,52
245.38,P03725,P03725,706,702
244.51,P03725,P03801,304,76
244.26,P03747,P03747,108,96
242.91,P03725,P03801,304,55
242.76,P03725,P03725,455,685
241.05,P03725,P03801,482,66
240.23,P03725,P03724,427,190
239.87,P03726,P03726,181,204
236.12,P03725,P03725,722,267
235.81,P03725,P03725,551,543
234.41,P03801,P03801,11,8
234.41,P03801,P03801,11,11
231.96,P03725,P03725,389,722
231.49,P03726,P03726,163,32
229.04,P03725,P03801,427,81
228.26,P03728,P03728,94,441
226.88,P03725,P03725,304,125
226.4,P03728,P03725,419,59
226.23,P03725,P03725,551,578
226.1,P03725,P03724,338,148
224.25,P03724,P03725,59,312
224.12,P03728,P03725,488,50
223.19,P03725,P03726,455,1119
221.66,P03747,P03747,580,108
221.49,P03725,P03725,379,702
220.24,P03801,P03801,55,66
219.25,P19727,P03751,302,85
218.83,P03725,P03725,379,706
215.98,P03725,P03801,427,66
215.96,P03725,P03801,304,8
215.11,P03726,P03726,819,834
214.55,P03801,P03725,11,125
213.81,P03725,P03725,685,448
212.59,P03726,P03726,1016,926
212.22,P03725,P03725,148,59
211.03,P03726,P03726,1230,1220
210.23,P03725,P03801,50,11
208.87,P03725,P03725,561,543
207.64,P03725,P03725,389,740
205.61,P03726,P03726,1224,62
204.83,P03725,P03801,722,88
204.49,P03726,P03725,1078,389
203.97,P03725,P03724,389,183
201.61,P03725,P03724,148,183
201.52,P03748,P19727,536,384
200.84,P03725,P03801,389,55
199.21,P03726,P03725,163,690
198.3,P03726,P03726,520,1220
197.06,P03725,P03801,389,66
194.66,P03728,P19727,21,302
194.55,P03725,P03801,304,64
194.01,P03725,P03725,338,125
193.88,P03726,P03726,286,582
193.64,P19727,P19727,83,302
193.59,P03726,P03725,165,393
191.85,P03725,P03724,389,190
190.66,P03726,P03726,919,1168
189.88,P03725,P03725,578,543
189.61,P19727,P19727,59,24
188.69,P03725,P03725,578,540
187.49,P03726,P03726,1224,840
186.91,P03725,P03725,722,713
186.02,P03801,P03725,55,722
185.75,P03725,P03801,722,87
185.37,P03725,P03801,312,66
184.76,P03725,P03725,551,540
183.47,P03801,P03801,64,76
181.14,P03725,P03725,383,427
180.35,P03801,P03728,11,441
180.09,P03725,P03801,706,81
178.82,P03725,P03724,59,190
178.14,P03726,P03726,504,1060
177.94,P03801,P03801,64,87
177.37,P03725,P03725,268,722
176.78,P03751,P19727,21,302
176.45,P03725,P03725,59,107
176,P03725,P03725,722,702
175.66,P03801,P03725,66,125
175.25,P03728,P03725,246,59
175.24,P03726,P03726,1044,1
174.29,P03801,P03801,55,76
173.87,P03726,P03726,617,631
173.74,P03725,P03725,192,125
172.98,P19727,P19727,197,190
171.38,P03726,P03726,1164,1168
171.26,P03725,P03724,389,193
170.95,P03725,P03801,633,11
170.17,P03726,P03726,1230,62
169.44,P19727,P03801,302,76
169.21,P03728,P19727,205,302
168.58,P03726,P03726,841,834
168.54,P03725,P03801,722,52
167.76,P03728,P03725,94,50
167.64,P03725,P03801,702,81
166.68,P03801,P03801,64,81
166.35,P03725,P03725,417,372
166.08,P19727,P19727,197,384
165.48,P03801,P03801,76,81
165.39,P03725,P03801,59,66
165.39,P03725,P03726,561,1119
165.26,P03725,P03725,722,734
164.7,P03726,P03726,1060,1054
164.53,P03724,P03725,183,713
164.39,P03726,P03726,662,631
162.69,P03726,P03726,58,1220
162.61,P03726,P03726,260,1129
161.86,P03724,P03724,59,193
160.16,P03725,P03801,455,76
160,P03724,P03801,183,66
159.58,P03725,P03801,722,81
157.58,P03728,P03728,246,406
157.33,P03725,P03801,713,76
156.96,P03725,P03725,540,540
156.26,P03725,P03725,706,698
155.58,P03725,P03801,448,76
155.49,P03725,P03801,125,8
155.19,P03725,P03801,123,11
155.03,P03801,P03801,81,81
154.88,P03725,P03801,338,66
154.65,P03728,P03801,105,8
154.48,P03726,P03725,163,697
153.97,P03725,P03725,584,540
153.77,P03801,P03801,76,87
152.17,P03728,P03725,406,2
151.22,P03724,P03725,183,77
149.19,P03726,P03726,1220,62
148.91,P03725,P03801,740,64
148.66,P03725,P03725,623,599
148.62,P03726,P03726,204,1022
148.54,P03728,P03801,105,11
147.58,P03725,P03725,690,698
147.42,P03726,P03726,416,204
147.34,P03801,P03801,66,52
146.78,P03724,P03801,59,76
146.71,P03725,P03801,427,64
145.83,P03726,P03726,204,1
145.29,P03726,P03726,165,32
145.13,P03725,P03801,702,76
144.77,P03725,P03801,706,66
144.24,P03801,P03801,64,55
144.14,P03801,P03801,66,81
143.46,P03728,P03801,406,76
141.88,P03725,P03801,192,11
141.39,P03725,P03801,713,87
141.22,P03801,P03801,66,76
140.75,P03726,P03801,919,66
140.22,P03728,P03724,406,183
139.77,P03747,P03801,12,76
139.44,P03746,P03746,141,49
138.9,P19727,P19727,0,24
137.75,P03726,P03801,582,66
137.18,P03725,P03801,740,52
136.3,P03725,P03801,312,52
135.81,P03728,P19727,14,302
133.9,P03726,P03751,651,85
133.79,P03724,P03801,183,52
132.96,P03726,P03726,520,840
130.28,P03725,P03801,713,81
130.01,P03801,P03725,76,540
128.65,P03725,P03725,59,77
127.94,P03726,P03726,973,1230
127.31,P03725,P03801,125,76
127.07,P03725,P03725,713,702
126.57,P03726,P03726,45,1
126.07,P03724,P03801,190,81
126.03,P03728,P03801,441,8
125.77,P03725,P03801,540,66
124.47,P03725,P03725,312,125
124.45,P03728,P03725,406,1
124.08,P03801,P03801,11,66
122.51,P03801,P03725,76,698
122.44,P03801,P03725,87,540
121.96,P19727,P19727,83,0
121.82,P03724,P03801,59,55
121.74,P03726,P03726,1022,1
121.05,P03726,P03726,1044,1022
117.16,P03725,P03725,125,107
116.58,P03725,P03726,389,165
116.54,P19727,P19727,24,384
116.39,P03728,P03725,419,50
115.69,P03801,P03801,55,81
113.62,P03725,P03801,722,66
111.86,P03751,P03751,18,14
111.69,P03801,P03725,66,713
110.88,P03725,P03801,448,66
109.55,P03725,P03725,393,455
109.15,P03726,P03726,1220,840
106.91,P03801,P03725,81,540
106.91,P03801,P03801,11,55
105.39,P03725,P03725,417,702
104.83,P03724,P03725,74,125
102.95,P03801,P03801,55,88
102.73,P19727,P19727,197,302
102.03,P03725,P03725,405,455
98.52,P03725,P03801,427,52
98.04,P03725,P03801,448,81
97.63,P03728,P03801,441,64
95.54,P03751,P03751,21,14
94.3,P03725,P03801,77,76
94.12,P03725,P03801,690,66
93.15,P03801,P03725,66,77
92.65,P03726,P03726,926,1
92.15,P03726,P03801,921,81
92.11,P03725,P03801,393,52
90.86,P03728,P03801,419,66
89.28,P03728,P03801,441,76
88.6,P03726,P03726,1220,45
85.91,P03801,P03801,64,52
81.78,P03725,P03725,148,50
79.12,P03728,P03725,105,59
78.71,P03725,P03801,312,64
74.96,P03728,P03801,94,11
72.79,P03725,P03725,125,734
68.38,P03725,P03801,389,64
66.76,P03725,P03801,446,11
62.71,P03726,P03801,416,66
59.29,P03725,P03801,77,64
58.92,P03728,P03725,406,50
57.33,P03725,P03801,722,64
57.07,P19727,P19727,0,88
53.68,P03748,P19727,536,0
47.92,P03801,P03801,11,76
47.92,P03728,P03751,342,14
45.16,P19727,P19727,0,85
45.16,P03725,P03725,540,543
44.72,P03725,P03801,268,66
44.72,P03724,P03725,190,77
44.53,P03725,P03801,123,8
43.82,P03725,P03725,584,543
43.07,P03725,P03724,448,193
42.72,P03725,P03801,338,64
41.94,P03725,P03801,448,55
41.57,P03725,P03724,50,193
41.24,P03725,P03801,125,55
41.22,P03726,P03726,651,550
40.33,P03725,P03725,50,77
40.1,P03728,P03801,342,11
